Name,Team,Pos.,Bye,Rank (Overall rank based on Gridiron AI predicted points.),Value (How valuable a player is overall taking into account both projected points and how difficult it is to find a replacement player at their position.),Pos. Rank (Rank sorted by position and based on Gridiron AI predicted points.),Expected Points (Expected fantasy points based on the selected scoring settings.),Downside Points (Downside fantasy points based on the selected scoring settings.),Upside Points (Upside fantasy points based on the selected scoring settings.),"3-GA Points (The average points scored over the last three games excluding games where the player was inactive due to bye week, suspension, or injury.)","3-G Point Spread (The difference between max and min points in the last 3 weeks ignoring bye weeks, injuries, and suspensions. Requires the player to have been active in at least two of the last three games.)","3-GA Yards (Average sum of passing, rushing, and receiving yards over the past three weeks. Skip BYE weeks, injuries, and suspensions.)","3-GA TDs (Average sum of passing, rushing, and receiving touchdowns over the past three weeks. Skip BYE weeks, injuries, and suspensions.)","3-GA Turnovers (Average sum of fumbles and interceptions over the past three weeks. Skip BYE weeks, injuries, and suspensions.)","LG Touches (Sum of passing attempts, rushing attempts, and targets last week.)","3-GA Touches (Average sum of passing attempts, rushing attempts, and targets over the past three weeks. Skip BYE weeks, injuries, and suspensions.)",LG Snap % (Percent of snaps the player was on the field last week.),"3-GA Snap % (Average percent of snaps the player was on the field over the past three weeks. Skip BYE weeks, injuries, and suspensions.)",LG Touch % (Percent of snaps last week the player accrued a touch when they were on the field for the play.),"3-GA Touch % (Average percent of snaps over the past three weeks the player accrued a touch when they were on the field for the play. Skip BYE weeks, injuries, and suspensions.)",Gridiron ID (The Gridiron AI player ID),FanDuel ID (The FanDuel player ID),DraftKings ID (The DraftKings player ID)
Lamar Jackson,BAL,QB,8,1,18,1,372.7,272.3,472.9,31.4,7.3,319.5,4.0,1.5,,39.5,,93.0,,61.6,5029,63115,877745
Christian McCaffrey ,CAR,RB,13,2,1,1,357.5,161.6,553.3,30.9,14.7,148.7,1.0,0.0,19.0,25.7,72.0,87.3,37.3,41.1,4669,55050,830517
Patrick Mahomes ,KC,QB,10,3,25,2,351.3,157.1,545.5,19.1,14.4,270.3,2.0,0.7,32.0,34.7,94.0,95.7,62.7,57.0,4951,57439,839031
Alvin Kamara,NO,RB,6,4,2,2,344.1,150.9,537.1,20.9,15.1,85.3,1.3,0.0,11.0,16.0,41.0,55.7,39.3,41.8,4681,42104,750846
Saquon Barkley,NYG,RB,11,5,3,3,340.4,141.1,539.7,31.6,23.2,179.7,1.7,0.0,21.0,25.3,86.0,87.3,32.8,41.9,26432,64401,883302
Miles Sanders ,PHI,RB,9,6,5,4,338.4,149.0,527.7,23.3,27.0,126.3,1.0,0.0,14.0,21.7,31.0,61.0,60.9,50.2,27041,71845,924261
Aaron Jones,GB,RB,5,7,8,5,331.4,145.2,517.7,20.5,11.7,118.0,1.3,0.3,31.0,23.3,85.0,70.7,41.3,42.8,4769,40442,741314
Kyler Murray ,ARI,QB,8,8,36,3,330.8,213.3,448.4,14.0,3.6,252.7,1.3,1.7,44.0,33.7,93.0,82.3,69.8,62.9,27161,63484,879799
Tom Brady ,TB,QB,13,9,37,4,329.3,154.1,519.0,14.4,2.1,207.3,1.7,0.3,29.0,32.3,100.0,100.0,47.5,48.6,962,6498,25347
Dak Prescott ,DAL,QB,10,10,42,5,321.6,164.9,485.5,18.9,18.3,278.0,2.0,0.7,36.0,37.0,99.0,98.7,48.0,54.9,4246,31716,591816
Aaron Rodgers ,GB,QB,5,11,45,6,315.9,141.8,504.6,13.4,12.4,254.3,1.0,0.7,57.0,45.3,100.0,100.0,64.8,60.5,862,6894,213957
Michael Thomas,NO,WR,6,12,4,1,313.4,165.8,560.9,23.4,23.9,100.3,0.7,0.0,9.0,12.7,67.0,75.3,19.6,24.2,4208,28573,653699
Ezekiel Elliott,DAL,RB,10,13,14,6,312.1,125.1,502.1,24.6,15.6,122.7,1.3,0.0,23.0,23.7,67.0,78.3,45.1,44.8,4242,38791,728338
Chris Godwin,TB,WR,13,14,6,2,308.5,170.5,446.5,17.1,,121.0,0.0,0.0,,8.0,,61.0,,17.4,4724,55635,835127
Tyreek Hill,KC,WR,10,15,7,3,308.4,72.6,544.2,15.4,13.7,67.0,0.7,0.0,5.0,6.0,81.0,83.0,11.4,11.3,4188,53681,823156
Matt Ryan,ATL,QB,10,16,48,7,307.9,156.2,469.8,16.5,4.6,313.3,1.3,1.0,53.0,48.7,100.0,100.0,59.6,63.5,72,6616,216263
Josh Allen ,BUF,QB,11,17,50,8,304.4,189.3,419.5,12.4,20.4,141.0,1.3,0.3,5.0,23.3,11.0,70.3,71.4,60.6,5005,62239,868199
Deshaun Watson ,HOU,QB,8,18,53,9,301.4,184.6,418.2,11.0,7.9,248.0,1.0,2.5,,36.5,,100.0,,56.5,4625,54879,828743
Carson Wentz ,PHI,QB,9,19,55,10,297.0,146.0,458.0,16.5,2.5,306.7,1.7,1.7,43.0,45.0,100.0,99.7,58.1,60.6,4221,70324,613866
Drew Brees,NO,QB,6,20,56,11,297.0,125.9,476.3,24.5,6.2,278.3,3.3,0.0,31.0,34.0,81.0,89.3,55.4,55.2,548,6504,25598
Leonard Fournette ,JAX,RB,7,21,21,7,296.9,125.7,468.0,12.9,1.2,89.0,0.0,0.0,,21.5,,95.0,,38.1,4618,52922,822013
Julio Jones,ATL,WR,10,22,10,4,292.2,127.2,457.2,26.6,23.6,126.0,0.7,0.0,13.0,16.0,82.0,82.0,17.8,26.0,2283,14190,456614
Davante Adams,GB,WR,5,23,11,5,291.3,127.0,569.1,22.7,1.0,104.0,0.7,0.3,13.0,14.0,89.0,87.7,16.7,22.0,3535,45889,611417
Allen Robinson,CHI,WR,11,24,12,6,290.5,178.4,462.6,15.7,8.2,83.7,0.0,0.0,13.0,13.0,96.0,95.0,18.1,18.6,3430,28643,609496
Cooper Kupp,LA,WR,9,25,13,7,288.5,155.7,421.3,16.7,11.8,57.0,1.0,0.3,10.0,6.7,61.0,71.3,20.0,12.7,4647,79970,698227
Jarvis Landry,CLE,WR,9,26,15,8,286.0,154.6,417.3,12.6,8.9,59.7,0.3,0.0,6.0,7.7,100.0,93.3,11.1,13.6,3405,31394,589991
Kenny Golladay,DET,WR,5,27,16,9,285.0,157.5,412.6,12.1,11.2,60.7,0.3,0.0,4.0,7.7,38.0,76.0,17.4,18.0,4609,54244,697295
Dalvin Cook,MIN,RB,7,28,28,8,284.8,119.7,450.0,7.3,,43.0,0.0,0.0,,12.0,,43.0,,42.9,4684,54140,824080
Russell Wilson ,SEA,QB,6,29,60,12,281.7,152.4,415.2,16.2,11.3,239.3,1.7,0.3,48.0,36.7,100.0,100.0,64.0,55.1,2716,22015,401534
Chris Carson,SEA,RB,6,30,31,9,281.5,117.5,445.5,16.9,19.7,98.5,1.0,0.0,,17.5,,54.0,,50.5,4663,64119,882734
Nick Chubb,CLE,RB,9,31,32,10,279.9,116.8,443.1,11.2,19.3,78.3,0.3,0.0,15.0,17.0,57.0,57.3,48.4,48.8,5032,53562,822857
Keenan Allen,LAC,WR,10,32,17,10,278.8,148.3,409.3,18.1,11.1,82.3,0.3,0.0,10.0,10.3,94.0,91.7,13.9,17.3,3149,29253,557210
Le'Veon Bell,NYJ,RB,11,33,33,11,277.3,114.6,440.0,12.3,2.5,86.0,0.0,0.0,21.0,24.3,69.0,82.0,45.7,47.5,3216,28181,543654
Courtland Sutton,DEN,WR,8,34,19,11,275.1,146.7,403.6,9.4,4.7,57.3,0.0,0.3,8.0,9.3,75.0,87.7,17.4,16.9,5037,57403,838878
DeAndre Hopkins,ARI,WR,8,35,20,12,273.3,118.0,428.5,12.6,10.6,71.0,0.0,0.0,,8.5,,99.0,,13.2,3115,16606,560241
Austin Ekeler,LAC,RB,10,36,38,12,272.7,123.9,421.5,13.6,6.8,79.7,0.0,0.3,20.0,14.7,58.0,53.3,44.4,40.5,4695,80001,790004
Amari Cooper,DAL,WR,10,37,22,13,271.1,146.2,395.9,7.7,10.9,47.0,0.0,0.0,6.0,6.7,82.0,75.7,9.7,13.3,3862,31001,650914
Baker Mayfield,CLE,QB,9,38,65,13,268.3,150.9,385.5,16.4,4.0,254.0,2.3,2.0,31.0,37.0,100.0,100.0,57.4,60.0,4999,41535,748070
Travis Kelce,KC,TE,10,39,9,1,263.8,164.5,363.0,17.3,19.8,80.0,0.3,0.0,5.0,9.0,88.0,88.7,10.4,15.4,3402,33076,448240
Joe Mixon,CIN,RB,9,40,46,13,263.3,106.7,419.8,19.5,21.3,135.0,0.7,0.0,27.0,26.0,74.0,61.3,52.9,58.5,4584,52442,820727
D.J. Moore,CAR,WR,13,41,24,14,262.7,140.4,385.1,9.7,17.2,62.0,0.0,0.5,,7.5,,53.0,,25.9,5022,63043,877790
Stefon Diggs,BUF,WR,11,42,26,15,261.5,111.3,411.6,13.3,2.7,68.5,0.5,0.0,,6.5,,78.0,,14.1,3989,25079,694041
Michael Gallup,DAL,WR,10,43,27,16,261.4,142.2,380.4,16.4,31.2,67.3,1.0,0.0,7.0,7.0,80.0,84.7,11.5,12.1,5078,69956,912070
John Brown,BUF,WR,11,44,29,17,259.1,139.6,378.6,14.8,4.3,77.5,0.5,0.0,,7.5,,95.0,,13.0,3496,54606,473742
DJ Chark,JAX,WR,7,45,30,18,257.8,137.8,377.7,5.6,3.6,26.0,0.0,0.0,5.0,6.0,78.0,82.5,9.3,11.2,5058,52917,822008
Derrick Henry ,TEN,RB,7,46,49,14,256.6,119.4,394.5,23.9,30.5,148.5,1.5,0.0,32.0,27.0,76.0,67.5,68.1,61.5,4232,39280,732145
Philip Rivers,IND,QB,7,47,74,14,254.8,137.2,372.4,11.7,7.5,290.7,1.0,2.0,47.0,41.7,100.0,99.3,61.0,63.0,1010,7968,246054
Terry McLaurin ,WAS,WR,8,48,34,19,250.5,134.3,366.7,19.8,8.4,108.0,0.5,0.0,,7.0,,88.0,,12.7,27017,56250,836116
Kenyan Drake,ARI,RB,8,49,57,15,249.0,99.1,398.8,30.1,22.3,137.7,2.3,0.0,16.0,22.3,96.0,84.0,24.6,41.5,4296,30989,694588
Odell Beckham Jr.,CLE,WR,9,50,40,20,246.8,130.1,363.6,15.4,2.7,63.7,0.7,0.0,6.0,8.3,91.0,92.7,12.2,14.1,5423,31360,589984
Tyler Lockett,SEA,WR,6,51,43,21,241.2,95.0,387.4,14.4,23.8,61.0,0.7,0.3,7.0,7.7,93.0,85.3,10.0,13.9,3784,27050,605242
D.K. Metcalf,SEA,WR,6,52,44,22,239.7,125.5,354.0,10.6,20.1,39.0,0.7,0.0,12.0,5.7,99.0,93.0,16.2,8.4,27092,73048,945633
Devin Singletary,BUF,RB,11,53,63,16,237.9,93.7,382.0,6.4,1.1,68.5,0.0,1.0,,20.0,,83.5,,41.5,26978,70603,916466
Jared Goff,LA,QB,9,54,83,15,237.6,100.6,392.5,20.9,7.6,314.7,2.3,0.7,47.0,50.3,100.0,100.0,57.3,67.2,4460,38435,727837
Julian Edelman,NE,WR,6,55,47,23,235.4,100.9,370.1,6.9,11.3,35.7,0.0,0.3,7.0,6.0,89.0,74.0,13.0,12.3,1127,7859,334733
Daniel Jones ,NYG,QB,11,56,86,16,233.0,119.6,346.4,23.0,20.6,345.5,3.0,2.0,50.0,47.5,100.0,100.0,67.6,65.9,27086,63519,879981
Ronald Jones II,TB,RB,13,57,66,17,232.6,89.2,376.1,11.8,14.0,91.3,0.3,0.7,13.0,15.0,44.0,46.7,56.5,48.8,5035,63591,880033
Jacoby Brissett,IND,QB,7,58,89,17,231.1,117.7,344.4,9.0,11.5,169.7,0.3,0.7,29.0,31.7,100.0,98.3,51.8,55.0,4295,30231,607047
Tyler Boyd,CIN,WR,9,59,51,24,230.4,96.5,364.2,16.8,28.2,71.0,0.7,0.0,7.0,9.7,83.0,87.0,12.3,14.2,4212,40669,742387
Calvin Ridley,ATL,WR,10,60,52,25,229.9,119.1,340.6,,,,,,,,,,,,5024,64555,884013
Melvin Gordon,DEN,RB,8,61,71,18,227.6,87.2,368.0,18.1,16.8,77.7,1.0,0.7,21.0,17.0,47.0,49.3,58.3,52.5,3848,28900,606516
Jamison Crowder,NYJ,WR,11,62,58,26,223.2,112.3,334.0,19.2,17.0,72.0,1.0,0.0,10.0,9.7,82.0,84.0,18.2,18.4,3800,24755,599649
Mark Andrews,BAL,TE,8,63,23,2,220.7,128.0,313.4,21.2,12.1,72.5,1.5,0.0,,8.0,,45.0,,26.8,5083,52436,820699
Kirk Cousins ,MIN,QB,7,64,101,18,217.8,103.6,331.9,7.3,0.8,171.5,1.0,2.0,,30.0,,97.5,,52.2,2835,22038,403308
Jimmy Garoppolo,SF,QB,11,65,102,19,217.6,102.3,336.0,10.9,4.2,249.3,0.7,1.0,24.0,30.3,100.0,100.0,48.0,52.9,3601,54604,555358
Tarik Cohen,CHI,RB,11,66,80,19,217.2,93.9,340.4,11.7,9.1,60.7,0.0,0.3,14.0,12.7,44.0,54.3,42.4,30.9,4579,79974,756928
Darius Slayton,NYG,WR,11,67,61,27,215.8,108.3,323.3,6.7,11.1,27.0,0.3,0.0,9.0,4.7,86.0,61.7,14.1,10.2,27089,63819,880557
Ryan Tannehill,TEN,QB,7,68,103,20,215.3,77.0,364.2,21.9,6.2,262.3,2.7,0.3,25.0,30.7,98.0,99.3,41.0,47.9,2656,21948,380960
Mark Ingram,BAL,RB,8,69,82,20,215.1,87.7,344.3,20.4,6.5,88.5,1.5,0.0,,12.5,,47.5,,38.7,2231,14211,456613
Derek Carr,OAK,QB,6,70,104,21,214.7,99.3,340.6,18.5,6.1,321.3,1.3,0.3,47.0,38.3,100.0,100.0,64.4,54.3,3415,45859,496083
Mike Williams ,LAC,WR,10,71,62,28,214.6,107.9,321.3,10.3,11.3,53.3,0.3,0.0,5.0,6.0,73.0,81.3,8.9,11.2,4819,39829,733754
Mitchell Trubisky ,CHI,QB,11,72,107,22,211.5,114.4,308.8,9.0,11.9,249.3,0.3,1.7,39.0,45.3,100.0,100.0,52.0,61.1,5252,38628,728169
Josh Jacobs,OAK,RB,6,73,84,21,211.0,77.5,344.3,12.9,,109.0,0.0,0.0,,27.0,,57.0,,62.8,27024,72731,944416
Marquise Brown ,BAL,WR,8,74,64,29,210.8,104.6,316.9,6.5,12.9,22.0,0.3,0.0,2.0,2.7,51.0,61.7,5.7,6.3,26946,86687,976220
Sam Darnold,NYJ,QB,11,75,109,23,210.6,97.5,323.7,9.1,8.2,204.0,1.3,2.3,39.0,34.0,100.0,100.0,58.2,54.1,5001,63589,880026
Darren Waller,OAK,TE,6,76,35,3,207.6,118.2,297.0,14.9,12.5,88.7,0.0,0.0,10.0,8.0,95.0,88.0,14.5,12.5,3925,25011,600191
Robert Woods,LA,WR,9,77,67,30,206.3,77.4,335.2,15.5,14.9,72.0,0.3,0.0,13.0,11.7,95.0,98.3,16.7,15.8,2995,29685,555693
Jaylen Samuels,PIT,RB,8,78,93,22,205.9,74.6,337.1,4.0,6.4,19.7,0.0,0.0,2.0,4.7,40.0,44.0,10.0,16.3,5162,55323,832232
John Ross ,CIN,WR,9,79,69,31,205.1,99.6,310.5,8.5,10.6,51.3,0.0,0.0,6.0,8.0,68.0,61.7,12.8,15.3,4698,41475,747906
Zach Ertz,PHI,TE,9,80,39,4,205.0,119.4,290.6,12.0,10.3,44.5,0.5,0.0,,8.0,,84.5,,12.4,3112,29780,503177
Ryan Fitzpatrick,MIA,QB,11,81,113,24,204.7,89.5,329.8,24.8,11.2,358.3,2.7,1.0,46.0,49.3,100.0,100.0,67.6,64.8,1484,7659,161355
Adrian Peterson,WAS,RB,8,82,95,23,203.2,79.8,328.6,12.8,11.3,74.7,0.7,0.3,17.0,17.7,45.0,50.7,60.7,57.2,385,6703,267443
Evan Engram ,NYG,TE,11,83,41,5,201.8,28.4,378.2,,,,,,,,,,,,4679,41872,749185
DeVante Parker,MIA,WR,11,84,72,32,201.7,82.6,320.7,22.3,1.5,106.7,1.0,0.0,11.0,11.0,99.0,92.0,16.4,15.6,3930,33260,602241
Nyheim Hines,IND,RB,7,85,96,24,200.7,77.7,323.7,8.5,10.4,24.7,0.0,0.0,12.0,6.0,55.0,29.3,38.7,33.8,5101,63625,880146
Larry Fitzgerald,ARI,WR,8,86,73,33,200.3,73.0,327.5,10.2,7.6,45.0,0.3,0.0,7.0,6.3,87.0,83.7,11.9,11.4,686,6883,246053
Phillip Lindsay,DEN,RB,8,87,98,25,200.1,76.8,323.4,9.4,16.6,67.7,0.3,0.0,19.0,16.7,57.0,51.3,54.3,49.0,26394,41426,747861
Jamaal Williams,GB,RB,5,88,99,26,199.8,71.0,328.7,5.8,2.9,42.5,0.0,0.0,,8.5,,34.0,,37.8,4658,45631,695311
Dede Westbrook,JAX,WR,7,89,75,34,198.9,95.1,302.8,9.6,19.7,32.7,0.3,0.0,8.0,5.7,61.0,74.3,19.0,12.6,4871,60910,865950
Cole Beasley,BUF,WR,11,90,76,35,198.2,95.3,301.0,9.7,16.2,57.0,0.0,0.0,,9.0,,77.0,,19.7,2833,22288,460830
Kareem Hunt,CLE,RB,9,91,105,27,197.5,70.0,325.1,10.1,9.0,51.0,0.0,0.0,7.0,8.7,67.0,61.7,19.4,22.4,4558,45229,746613
James Conner,PIT,RB,8,92,106,28,196.4,69.2,323.6,9.2,11.9,41.5,0.5,0.0,,9.5,,35.5,,52.5,4603,40687,742390
A.J. Brown,TEN,WR,7,93,77,36,195.6,91.5,299.8,21.0,10.1,107.0,1.0,0.0,8.0,8.0,79.0,90.0,16.3,14.0,27100,72846,944826
Christian Kirk,ARI,WR,8,94,78,37,195.2,92.8,297.6,8.2,12.7,45.3,0.0,0.0,11.0,8.0,99.0,94.0,16.4,12.8,5044,60858,865801
Emmanuel Sanders ,NO,WR,6,95,79,38,194.2,74.8,313.6,5.8,6.2,31.7,0.0,0.0,4.0,4.7,92.0,95.0,8.7,8.7,1879,11505,324216
David Johnson,HOU,RB,8,96,110,29,194.1,64.2,325.8,1.2,1.1,6.5,0.0,0.0,,3.0,,21.5,,21.6,3841,62497,552409
Chris Conley,JAX,WR,7,97,81,39,192.1,90.7,293.5,13.8,14.1,47.7,1.0,0.0,6.0,6.3,78.0,81.0,11.1,12.5,3967,30403,591801
David Montgomery,CHI,RB,11,98,114,30,189.2,64.4,314.1,10.0,11.4,73.7,0.3,0.0,23.0,17.3,65.0,54.7,46.9,42.9,27109,73273,946739
Carlos Hyde,SEA,RB,6,99,118,31,185.1,61.9,308.4,9.5,15.1,51.3,0.7,0.0,4.0,16.0,8.0,44.7,80.0,62.7,3457,28473,543825
Brandin Cooks,HOU,WR,8,100,87,40,184.7,31.2,352.5,9.8,6.9,41.7,0.3,0.0,5.0,6.3,60.0,63.7,10.2,13.3,3376,29501,607864
Andy Dalton,DAL,QB,10,101,125,25,184.6,83.7,291.4,16.2,29.7,249.3,2.3,2.3,36.0,41.7,100.0,100.0,52.2,54.8,2239,14225,322858
Randall Cobb,HOU,WR,8,102,88,41,184.1,85.0,283.2,8.8,12.1,50.3,0.0,0.0,6.0,5.0,61.0,59.7,13.0,11.5,2229,14257,465949
George Kittle,SF,TE,11,103,54,6,183.9,100.6,267.2,19.9,8.1,102.0,0.3,0.3,8.0,11.0,94.0,95.0,17.0,19.8,4667,39793,733672
Diontae Johnson ,PIT,WR,8,104,90,42,183.4,83.7,283.2,12.9,14.9,65.7,0.3,0.7,7.0,7.7,78.0,79.0,17.9,16.6,27079,66008,891115
Mike Evans,TB,WR,13,105,91,43,182.6,61.6,303.7,,,,,,,,,,,,3468,32384,593587
Raheem Mostert,SF,RB,11,106,121,32,182.3,61.4,303.9,14.2,9.4,61.7,1.3,0.3,12.0,13.3,54.0,53.7,44.4,43.4,3932,28744,606501
Hunter Renfrow,OAK,WR,6,107,92,44,181.6,82.7,280.7,22.0,3.5,104.5,1.0,0.5,9.0,9.0,77.0,61.5,16.1,23.6,27027,57986,841649
Marlon Mack,IND,RB,7,108,123,33,180.8,60.1,302.2,13.2,17.8,65.7,1.0,0.0,16.0,15.0,48.0,47.0,59.3,53.8,4655,57909,840760
Latavius Murray,NO,RB,6,109,124,34,180.4,59.7,301.1,6.6,4.0,49.7,0.0,0.0,18.0,13.3,54.0,41.0,48.6,47.7,3423,34331,467405
Todd Gurley,ATL,RB,10,110,127,35,175.4,61.9,290.8,16.2,9.9,58.3,1.3,0.0,22.0,18.7,68.0,80.3,39.3,31.6,3948,30447,694641
Jared Cook,NO,TE,6,111,59,7,174.0,93.2,255.0,15.1,14.0,60.7,1.0,0.0,2.0,3.3,38.0,43.7,7.7,11.0,1145,7761,296480
Peyton Barber,WAS,RB,8,112,132,36,168.8,55.9,284.3,3.8,6.0,29.3,0.0,0.3,10.0,9.0,31.0,23.3,62.5,60.7,4402,40857,744436
Sony Michel,NE,RB,6,113,133,37,168.7,52.4,285.2,11.3,4.1,92.7,0.3,0.3,18.0,20.7,43.0,42.3,69.2,73.7,5028,53640,823041
Mecole Hardman,KC,WR,10,114,111,45,167.5,72.0,263.1,4.0,10.0,13.3,0.0,0.0,1.0,1.0,31.0,28.0,5.9,6.7,27046,71352,922026
Robby Anderson,CAR,WR,13,115,112,46,166.5,54.1,278.9,9.5,7.8,38.7,0.3,0.0,7.0,5.7,97.0,96.7,10.8,9.3,4358,26251,608360
Golden Tate,NYG,WR,11,116,115,47,164.3,49.2,279.9,15.2,5.7,71.7,0.7,0.0,8.0,7.7,91.0,77.0,11.9,13.8,1960,11485,400490
Curtis Samuel ,CAR,WR,13,117,117,48,162.9,68.0,257.8,7.9,13.1,29.3,0.3,0.0,4.0,7.3,65.0,77.7,8.7,12.9,4707,52613,821389
Dallas Goedert,PHI,TE,9,118,68,8,162.6,84.4,240.8,15.0,13.6,70.3,0.3,0.0,10.0,9.3,100.0,91.3,13.5,13.6,5046,83074,791365
Jordan Howard,MIA,RB,11,119,137,38,160.5,51.9,271.2,0.0,,0.0,0.0,0.0,0.0,0.0,1.0,1.0,0.0,0.0,4325,42142,750802
James Washington,PIT,WR,8,120,120,49,160.3,66.5,254.1,7.5,13.3,41.3,0.0,0.0,3.0,7.3,88.0,83.0,6.8,14.8,5057,55748,835437
Mike Gesicki,MIA,TE,11,121,70,9,160.0,82.4,237.5,16.1,17.5,54.3,1.0,0.0,7.0,9.0,75.0,72.0,13.7,16.3,5039,56265,836152
Spencer Ware,KC,RB,10,122,140,39,159.1,53.0,266.8,5.6,0.1,35.5,0.0,0.0,,8.5,,37.0,,33.3,3162,31459,540526
Kyle Juszczyk,SF,RB,11,123,141,40,157.8,52.5,264.8,6.0,5.4,26.3,0.3,0.0,1.0,2.3,68.0,49.7,2.9,9.1,2986,39428,501150
Marvin Hall,DET,WR,5,124,122,50,157.2,62.9,251.6,,,,,,,,,,,,4808,29949,607435
Chris Thompson,JAX,RB,7,125,142,41,157.1,51.3,264.8,5.3,7.1,29.7,0.0,0.0,6.0,7.0,48.0,45.0,20.0,23.0,3107,24891,509372
Tevin Coleman,SF,RB,11,126,143,42,156.8,51.1,264.5,3.4,1.2,30.3,0.0,0.0,7.0,5.7,30.0,34.0,46.7,31.3,3883,27776,696080
Jalen Richard,OAK,RB,6,127,145,43,156.2,50.5,263.9,6.8,2.3,41.3,0.0,0.0,5.0,6.0,25.0,30.7,27.8,27.8,4198,33578,693429
Giovani Bernard,CIN,RB,9,128,146,44,156.1,50.4,263.8,3.2,5.3,18.7,0.0,0.0,4.0,5.3,26.0,38.7,22.2,21.3,3016,25290,546076
James White ,NE,RB,6,129,147,45,155.9,51.7,261.6,10.9,8.3,42.7,0.7,0.3,5.0,6.7,36.0,39.7,22.7,25.0,3600,28930,556294
Duke Johnson,HOU,RB,8,130,148,46,155.8,51.6,261.4,7.2,16.1,32.0,0.3,0.3,10.0,7.0,32.0,36.3,47.6,30.7,3814,25837,691583
Devontae Booker,OAK,RB,6,131,151,47,155.6,50.0,263.3,1.8,3.2,8.0,0.0,0.0,2.0,1.7,8.0,7.3,40.0,36.7,4149,39580,733248
Boston Scott,PHI,RB,9,132,155,48,152.8,44.7,263.3,18.4,27.9,74.0,1.0,0.3,25.0,15.7,74.0,48.7,45.5,42.5,5197,43433,749635
Dion Lewis,NYG,RB,11,133,156,49,152.5,47.3,260.1,6.5,9.0,38.3,0.3,0.0,1.0,7.3,18.0,40.7,9.1,21.8,2298,14339,494724
DeAndre Washington,KC,RB,10,134,157,50,152.4,45.4,262.5,14.7,17.0,86.7,0.3,0.0,26.0,20.3,74.0,50.7,48.1,65.0,4207,32613,605335
Deebo Samuel,SF,WR,11,135,128,51,150.6,58.5,242.8,14.4,17.8,77.0,0.7,0.3,7.0,6.7,78.0,83.0,17.9,14.7,27061,56018,835749
Jameis Winston,NO,QB,6,136,152,26,150.3,73.7,233.4,19.4,21.7,339.7,2.3,2.3,26.0,40.0,98.0,97.7,51.0,60.5,3869,24849,691536
Will Fuller,HOU,WR,8,137,131,52,148.2,17.4,291.1,7.1,8.0,36.0,0.0,0.0,,4.5,,61.5,,11.2,4169,42028,749948
Dare Ogunbowale,TB,RB,13,138,167,51,147.7,39.4,255.9,3.0,6.4,18.0,0.0,0.3,1.0,2.7,23.0,29.3,8.3,12.1,21853,28827,703015
Danny Amendola,DET,WR,5,139,134,53,143.5,53.6,233.3,10.2,14.1,52.7,0.3,0.0,5.0,7.0,73.0,80.3,11.4,14.1,1282,8117,263758
Austin Hooper,CLE,TE,9,140,85,10,142.6,70.3,214.9,10.6,10.2,49.0,0.0,0.0,9.0,8.0,72.0,74.3,14.1,14.1,4158,40126,739424
Kenny Stills,HOU,WR,8,141,135,54,140.2,50.8,229.6,14.6,7.8,46.0,1.0,0.0,,6.0,,73.5,,11.9,3066,27457,542896
Rex Burkhead,NE,RB,6,142,174,52,138.5,38.2,241.5,12.7,11.3,70.0,0.7,0.3,7.0,8.0,21.0,26.0,53.8,47.1,3630,27338,498760
Jimmy Graham,CHI,TE,11,143,94,11,137.1,64.9,209.3,3.5,8.3,21.7,0.0,0.3,7.0,4.0,55.0,50.0,14.6,11.0,1982,11512,295918
Noah Fant,DEN,TE,8,144,97,12,132.1,60.9,203.5,4.0,6.2,23.3,0.0,0.0,2.0,2.3,59.0,54.3,5.6,7.2,26822,71705,923911
Blake Jarwin,DAL,TE,10,145,100,13,131.5,60.4,202.7,2.8,6.0,18.0,0.0,0.0,1.0,1.7,47.0,44.0,2.8,5.3,18817,27527,711965
JuJu Smith-Schuster,PIT,WR,8,146,150,55,131.4,10.1,260.2,3.4,1.6,14.0,0.0,0.0,6.0,5.0,74.0,76.5,16.2,11.8,4597,55987,835909
Isaiah McKenzie,BUF,WR,11,147,153,56,130.4,43.4,217.5,2.9,5.7,16.0,0.0,0.0,7.0,3.0,77.0,60.0,14.3,6.9,4692,53639,823040
Tony Pollard,DAL,RB,10,148,179,53,127.6,28.2,228.4,9.9,22.3,69.3,0.3,0.3,16.0,10.7,36.0,25.0,59.3,56.7,27039,63759,880398
Hayden Hurst,ATL,TE,10,149,108,14,127.3,57.0,197.6,3.4,3.6,21.0,0.0,0.0,2.0,2.3,46.0,43.3,6.5,8.4,5023,64031,881956
Auden Tate,CIN,WR,9,150,162,57,125.4,39.4,211.5,,,,,,,,,,,,5248,64339,883459
Royce Freeman,DEN,RB,8,151,180,54,124.9,24.8,226.1,6.7,9.9,22.3,0.3,0.0,3.0,7.7,39.0,44.0,12.5,26.6,5068,55970,835779
Marvin Jones ,DET,WR,5,152,165,58,124.3,33.2,219.5,,,,,,,,,,,,2830,22103,461620
Preston Williams,MIA,WR,11,153,166,59,124.2,37.2,211.3,,,,,,,,,,,,27255,62967,877244
Rashaad Penny,SEA,RB,6,154,181,55,123.7,27.9,224.8,,,,,,,,,,,,5025,57840,840691
Chase Edmonds,ARI,RB,8,155,183,56,122.5,26.2,221.5,0.0,0.0,-0.3,0.0,0.0,1.0,0.3,6.0,2.0,25.0,25.0,5131,83081,832900
Jordan Akins,HOU,TE,8,156,116,15,120.1,51.2,189.0,4.4,10.4,20.3,0.0,0.0,7.0,3.7,82.0,68.0,13.2,7.8,5095,57338,838396
Hunter Henry ,LAC,TE,10,157,119,16,116.7,48.5,184.8,9.2,12.3,38.7,0.3,0.3,6.0,5.0,82.0,79.3,9.5,9.1,4194,40845,744425
Damien Williams,KC,RB,10,158,189,57,116.3,22.7,213.4,24.8,13.2,123.0,1.5,0.0,19.0,19.0,66.0,58.5,52.8,53.5,3410,27441,691283
Anthony Miller,CHI,WR,11,159,175,60,113.1,30.5,195.7,9.8,25.6,41.7,0.3,0.0,1.0,6.0,27.0,73.7,5.0,9.1,5048,41936,749136
Wendell Smallwood,WAS,RB,8,160,191,58,112.8,20.8,208.2,0.2,0.5,1.7,0.0,0.0,3.0,1.0,6.0,2.0,75.0,75.0,4224,38509,728035
Sammy Watkins,KC,WR,10,161,176,61,111.4,26.0,201.1,5.5,8.1,28.3,0.0,0.0,2.0,3.7,68.0,72.3,5.4,7.6,3386,24641,602118
Dawson Knox,BUF,TE,11,162,126,17,107.9,41.4,174.3,3.2,2.2,22.0,0.0,0.0,,2.5,,61.0,,6.6,26982,,
Jack Doyle,IND,TE,7,163,129,18,106.2,40.7,171.8,3.1,2.5,14.7,0.0,0.0,4.0,4.3,66.0,81.0,10.8,9.4,3276,39859,477386
Tyrell Williams,OAK,WR,6,164,178,62,106.2,24.8,188.0,8.2,12.5,42.3,0.3,0.0,0.0,2.3,29.0,70.7,0.0,3.8,4073,62535,618715
Greg Olsen,SEA,TE,6,165,130,19,105.6,40.0,171.1,4.2,2.1,22.5,0.0,0.0,6.0,5.5,37.0,47.0,23.1,17.8,892,6914,230925
Derrius Guice,WAS,RB,8,166,202,59,101.0,15.7,194.6,,,,,,,,,,,,5056,60735,865565
Sterling Shepard,NYG,WR,11,167,184,63,97.8,16.0,188.0,16.2,11.2,75.3,0.3,0.0,10.0,9.0,89.0,89.3,15.2,14.9,4245,27477,691278
J.D. McKissic,WAS,WR,8,168,186,64,95.9,18.3,175.3,1.4,2.9,4.3,0.0,0.0,2.0,2.0,13.0,15.3,25.0,19.4,4555,43334,608353
Mohamed Sanu,NE,WR,6,169,187,65,95.0,11.7,185.2,5.1,3.2,24.0,0.0,0.0,5.0,6.0,82.0,88.0,10.0,10.5,2799,22018,494313
Kerryon Johnson,DET,RB,5,170,213,60,94.0,13.2,185.3,8.3,6.0,48.0,0.5,0.0,11.0,11.0,45.0,38.5,40.7,54.8,5040,63806,880548
Irv Smith Jr.,MIN,TE,7,171,136,20,92.8,29.1,156.5,4.4,6.7,7.7,0.3,0.0,2.0,2.7,45.0,57.0,9.1,8.4,27124,72725,944428
Isaiah Ford,MIA,WR,11,172,188,66,92.8,15.6,173.6,10.1,8.4,51.3,0.0,0.0,10.0,7.0,78.0,54.7,18.9,16.9,5308,56356,836936
Bo Scarbrough,DET,RB,5,173,216,61,92.5,12.1,183.1,3.8,0.8,38.0,0.0,0.0,9.0,8.5,28.0,28.0,52.9,55.0,5231,56064,835814
Matt Breida,MIA,RB,11,174,217,62,92.5,10.0,182.0,0.5,1.6,11.0,0.0,0.7,5.0,3.7,16.0,11.7,62.5,56.2,4672,53303,750097
Gerald Everett,LA,TE,9,175,138,21,91.0,27.7,154.4,0.0,0.0,0.0,0.0,0.0,0.0,0.5,0.0,3.0,,25.0,4651,57299,838487
O.J. Howard ,TB,TE,13,176,139,22,90.9,27.6,154.3,5.4,8.6,30.7,0.0,0.0,0.0,4.7,75.0,82.3,0.0,7.4,4728,39286,732147
Dontrell Hilliard,CLE,RB,9,177,221,63,90.6,9.5,179.6,0.7,1.4,2.0,0.0,0.0,,0.5,,7.5,,16.6,26503,52808,821729
Eric Ebron,PIT,TE,8,178,144,23,88.2,25.4,151.0,,,,,,,,,,,,3485,25272,605752
T.J. Hockenson ,DET,TE,5,179,149,24,87.4,24.8,149.9,,,,,,,,,,,,26931,71706,923915
Demetrius Harris,CHI,TE,11,180,154,25,84.7,22.6,146.7,3.1,7.1,4.7,0.3,0.0,1.0,2.0,59.0,59.7,3.1,5.4,3531,19342,602269
Alexander Mattison,MIN,RB,7,181,234,64,84.7,8.7,172.5,,,,,,,,,,,,27125,72776,944343
Gus Edwards,BAL,RB,8,182,235,65,83.7,7.8,170.9,7.3,8.7,80.0,0.0,0.7,22.0,13.3,68.0,46.0,47.8,39.6,26502,40167,739799
T.Y. Hilton,IND,WR,7,183,198,67,83.4,9.1,171.7,7.4,4.6,41.0,0.0,0.0,3.0,5.3,68.0,59.7,7.9,16.5,2759,22031,468655
Jeremy Sprinkle,WAS,TE,8,184,158,26,83.2,21.4,144.9,3.8,1.5,15.0,0.0,0.0,6.0,3.7,68.0,71.0,14.3,8.6,4852,31169,693833
Brandon Bolden,NE,RB,6,185,237,66,83.2,7.8,170.3,0.0,0.0,0.0,0.0,0.0,0.0,0.0,0.0,2.0,,0.0,2664,22898,465752
Frank Gore,NYJ,RB,11,186,238,67,83.1,8.1,170.0,2.9,7.2,19.0,0.0,0.0,10.0,6.7,22.0,18.3,71.4,41.3,706,6840,157341
Jonnu Smith,TEN,TE,7,187,159,27,82.9,21.2,144.6,10.9,16.0,62.3,0.3,0.0,1.0,3.7,81.0,81.3,2.0,6.9,4631,48116,743749
Maxx Williams,ARI,TE,8,188,160,28,82.5,20.8,144.1,3.4,4.2,21.0,0.0,0.0,2.0,1.7,60.0,63.7,4.9,3.9,3858,28346,651658
Breshad Perriman,NYJ,WR,11,189,199,68,82.2,8.4,162.3,25.4,17.4,117.3,1.3,0.0,8.0,9.0,92.0,92.3,16.7,14.7,4163,34295,652808
Jesse James,DET,TE,5,190,161,29,81.9,20.4,143.4,3.6,3.9,16.0,0.0,0.0,3.0,3.0,65.0,60.7,7.7,8.1,4052,28694,652019
C.J. Prosise,SEA,RB,6,191,243,68,81.3,7.9,168.1,2.5,2.1,19.5,0.0,0.0,,5.0,,17.0,,48.2,4240,33472,697479
Vance McDonald,PIT,TE,8,192,163,30,81.2,19.8,142.5,3.9,0.0,14.0,0.0,0.0,2.0,4.0,88.0,92.5,4.5,6.8,3093,32045,494969
Anthony Firkser,TEN,TE,7,193,164,31,80.5,19.3,141.7,1.1,1.7,4.0,0.0,0.0,2.0,2.3,29.0,25.3,11.1,13.7,26163,80294,767297
Tyler Eifert,JAX,TE,7,194,168,32,78.6,16.9,140.3,10.2,12.3,45.0,0.3,0.0,2.0,5.0,39.0,52.3,7.4,11.8,3013,33557,508968
Tyler Higbee,LA,TE,9,195,169,33,78.6,17.2,140.2,21.6,3.7,99.7,0.3,0.0,12.0,12.3,96.0,90.0,15.2,18.4,4278,47870,604176
Wes Hills,DET,RB,5,196,256,69,78.3,6.4,164.2,16.2,,22.0,2.0,0.0,,12.0,,36.0,,52.2,27404,104282,788307
Dwayne Haskins ,WAS,QB,8,197,197,27,77.3,0.0,177.9,16.2,5.7,210.0,2.0,0.5,,23.0,,75.0,,50.7,26767,73183,946582
D'Ernest Johnson,CLE,RB,9,198,260,70,77.0,6.0,162.6,0.0,0.0,0.0,0.0,0.0,0.0,0.0,0.0,1.0,,0.0,27258,57543,839043
Marcedes Lewis,GB,TE,5,199,170,34,76.7,16.3,137.1,1.7,1.0,6.7,0.0,0.0,1.0,1.0,36.0,47.7,3.1,2.9,509,6672,214197
Ameer Abdullah,MIN,RB,7,200,268,71,75.4,6.5,160.3,7.0,9.3,39.7,0.0,0.0,10.0,9.3,39.0,40.3,52.6,44.6,3850,27229,590796
Parris Campbell,IND,WR,7,201,203,69,75.3,5.2,151.2,,,,,,,,,,,,27067,56262,836104
Jonathan Williams,IND,RB,7,202,269,72,75.1,5.6,160.2,0.0,0.0,0.0,0.0,0.0,0.0,0.0,2.0,1.3,0.0,0.0,4329,31184,693837
Albert Wilson,MIA,WR,11,203,205,70,74.8,4.1,153.9,12.8,4.9,75.3,0.0,0.0,10.0,8.7,99.0,84.0,14.9,13.7,3652,48344,556955
Adam Thielen,MIN,WR,7,204,207,71,73.6,4.9,159.7,3.1,5.8,16.0,0.0,0.0,,4.5,,72.0,,11.1,3518,39716,733643
Foster Moreau,OAK,TE,6,205,171,35,73.4,13.8,133.2,,,,,,,,,,,,27030,60712,865573
Jon Hilliman,NYG,RB,11,206,282,73,73.3,5.4,157.8,,,,,,,,,,,,27328,,
Nick Vannett,DEN,TE,8,207,172,36,73.2,13.7,132.8,3.9,9.0,19.3,0.0,0.0,0.0,2.3,30.0,48.0,0.0,5.9,4431,28570,606488
Dalyn Dawkins,TEN,RB,7,208,287,74,72.9,5.3,157.4,2.4,,24.0,0.0,0.0,,9.0,,26.0,,56.2,26473,41857,749064
Jacob Hollister,SEA,TE,6,209,173,37,71.1,12.2,130.4,7.7,6.1,37.3,0.0,0.0,8.0,5.7,89.0,77.7,11.9,10.8,4719,54007,696882
Josh Adams,NYJ,RB,11,210,308,75,69.7,4.8,153.4,,,,,,,,,,,,26472,64744,884549
Russell Gage,ATL,WR,10,211,215,72,68.9,2.1,141.4,10.9,5.5,52.3,0.0,0.0,13.0,9.3,70.0,65.7,21.0,18.6,5191,52916,822014
Justin Jackson,LAC,RB,10,212,327,76,68.5,4.7,151.7,2.4,2.6,14.0,0.0,0.0,1.0,4.0,3.0,12.0,50.0,51.9,5246,55165,830844
Tony Brooks-James,MIN,RB,7,213,328,77,68.4,4.6,151.6,,,,,,,,,,,,27371,55964,835777
T.J. Yeldon,BUF,RB,11,214,331,78,67.9,4.6,151.0,7.2,,42.0,0.0,0.0,11.0,11.0,64.0,64.0,26.8,26.8,3793,31061,651103
Malcolm Brown ,LA,RB,9,215,342,79,66.6,5.3,149.2,3.4,10.2,10.3,0.3,0.0,10.0,4.0,32.0,18.7,38.5,17.6,4144,32234,604724
Zach Pascal,IND,WR,7,216,222,73,66.2,1.0,137.6,4.1,6.8,21.3,0.0,0.0,4.0,4.3,71.0,76.3,10.0,9.8,26268,53390,658447
Alex Erickson ,CIN,WR,9,217,223,74,65.9,0.0,138.7,4.9,11.5,27.3,0.0,0.3,5.0,6.3,83.0,78.3,8.8,10.7,4215,28907,652520
Kerrith Whyte Jr,PIT,RB,8,218,350,80,65.3,4.3,147.8,0.9,2.1,9.3,0.0,0.0,3.0,3.3,8.0,9.3,75.0,59.1,27170,61379,866446
Brian Hill,ATL,RB,10,219,353,81,65.2,4.4,147.5,3.4,5.0,34.3,0.0,0.0,5.0,4.3,20.0,18.0,27.8,29.3,4896,54010,823872
Ian Thomas,CAR,TE,13,220,177,38,64.2,7.3,122.5,3.7,2.4,17.0,0.0,0.0,5.0,3.7,59.0,67.0,11.9,8.5,5098,72515,943093
Corey Davis ,TEN,WR,7,221,228,75,63.4,0.0,133.8,8.0,1.7,47.0,0.0,0.0,5.0,5.0,68.0,71.7,11.9,10.8,4632,45439,732121
Alshon Jeffery,PHI,WR,9,222,229,76,63.0,0.0,143.5,,,,,,,,,,,,2619,21980,504323
Darrel Williams,KC,RB,10,223,364,82,62.1,4.1,143.6,,,,,,,,66.0,58.5,,,26424,52897,822038
Marquez Valdes-Scantling,GB,WR,5,224,232,77,61.8,0.0,131.6,1.8,3.9,8.3,0.0,0.0,7.0,3.0,23.0,16.3,35.0,19.5,5171,40647,742382
Wayne Gallman,NYG,RB,11,225,365,83,61.7,4.0,142.9,,,,,,,,,,,,4784,39818,733744
Nelson Agholor,OAK,WR,6,226,239,78,58.4,0.0,137.0,,,,,,,,,,,,3885,29683,691055
Devlin Hodges ,PIT,QB,8,227,211,28,58.3,0.0,156.5,1.4,2.5,128.0,0.3,3.0,26.0,27.7,100.0,83.7,52.0,57.0,27293,95893,837040
Patrick DiMarco,BUF,RB,11,228,369,84,57.9,4.3,137.7,0.0,0.0,0.0,0.0,0.0,0.0,0.3,3.0,17.3,0.0,1.3,2921,,406457
Greg Ward,PHI,WR,9,229,245,79,57.3,0.0,126.1,13.7,8.8,60.0,0.3,0.0,7.0,7.3,76.0,73.7,12.5,13.3,27299,40434,741292
David Moore,SEA,WR,6,230,246,80,57.3,0.0,125.3,2.7,5.0,23.3,0.0,0.3,2.0,1.7,72.0,35.0,3.7,11.2,5302,79987,1049915
Duke Williams,BUF,WR,11,231,247,81,57.1,0.0,127.5,16.8,,108.0,0.0,0.0,12.0,12.0,89.0,89.0,21.1,21.1,26713,,
N'Keal Harry,NE,WR,6,232,248,82,57.0,0.0,127.7,8.1,5.8,38.0,0.3,0.0,8.0,6.3,56.0,55.0,23.5,17.6,26952,69168,910431
Patrick Laird,MIA,RB,11,233,376,85,57.0,4.4,136.4,7.0,8.1,47.0,0.0,0.0,16.0,14.0,88.0,63.3,26.7,31.7,27253,55941,835694
Ito Smith,ATL,RB,10,234,382,86,56.6,4.3,136.1,,,,,,,,,,,,5123,55689,835082
Keke Coutee,HOU,WR,8,235,253,83,55.1,0.0,123.0,1.7,,7.0,0.0,0.0,3.0,3.0,60.0,60.0,7.7,7.7,5100,64242,882929
Kyle Rudolph ,MIN,TE,7,236,182,39,54.7,0.0,112.3,3.2,7.8,18.3,0.0,0.0,0.0,1.7,2.0,41.0,0.0,4.7,2340,14237,469472
Demarcus Robinson,KC,WR,10,237,255,84,54.7,0.0,125.6,5.3,7.1,19.3,0.3,0.0,2.0,2.3,41.0,49.0,9.1,7.6,4292,38264,727279
Steven Sims,WAS,WR,8,238,257,85,54.6,0.0,121.4,20.0,9.8,64.3,1.3,0.0,9.0,10.7,63.0,69.7,23.1,25.1,27210,62994,877596
Dwayne Washington,NO,RB,6,239,383,87,54.2,4.5,132.6,0.7,2.0,7.3,0.0,0.0,2.0,1.7,7.0,5.3,40.0,45.0,4255,34729,714230
Dan Arnold,ARI,WR,8,240,258,86,53.8,0.0,122.8,9.4,14.6,34.0,0.7,0.0,6.0,3.3,44.0,29.3,20.0,15.3,26072,80546,1053627
Kalif Raymond,TEN,WR,7,241,259,87,53.5,0.0,120.9,2.2,2.0,17.0,0.0,0.5,,2.0,,17.5,,19.1,4481,70422,692660
Devine Ozigbo,JAX,RB,7,242,384,88,53.4,4.4,131.8,2.7,8.0,16.7,0.0,0.0,14.0,4.7,33.0,11.0,60.9,60.9,27229,61060,866115
Cameron Brate,TB,TE,13,243,185,40,53.3,0.0,110.8,5.7,3.5,17.3,0.3,0.0,3.0,5.0,54.0,45.7,10.7,16.5,3720,54782,552926
Devin Smith,DAL,WR,10,244,261,88,53.3,0.0,122.7,,,,,,,,,,,,3944,28502,606485
Jeff Wilson,SF,RB,11,245,385,89,53.1,4.5,131.3,0.0,,0.0,0.0,0.0,,0.0,,0.0,,,26540,55552,834195
Tim Patrick,DEN,WR,8,246,263,89,52.9,0.0,120.3,5.9,7.4,29.3,0.0,0.0,2.0,5.0,57.0,63.7,5.7,12.0,26269,57091,838179
Adam Humphries,TEN,WR,7,247,264,90,52.7,0.0,119.1,,,,,,,,,,,,3867,24671,602096
Marcus Johnson,IND,WR,7,248,265,91,52.5,0.0,119.7,4.0,4.5,23.3,0.0,0.0,4.0,4.0,75.0,75.7,9.5,9.0,4783,32235,691348
Tre'Quan Smith,NO,WR,6,249,266,92,52.4,0.0,118.7,9.3,14.3,30.0,0.7,0.0,5.0,2.7,62.0,61.0,11.6,6.4,5088,57342,838415
C.J. Ham,MIN,RB,7,250,386,90,52.3,4.7,129.5,2.8,4.4,11.3,0.0,0.0,3.0,3.7,29.0,35.3,21.4,19.4,4682,70501,915397
KeeSean Johnson,ARI,WR,8,251,267,93,52.1,0.0,118.9,,,,,,,,,,,,27155,57208,838443
Allen Hurns,MIA,WR,11,252,272,94,51.2,0.0,125.5,4.0,4.2,25.0,0.0,0.0,,1.5,,41.0,,4.6,3432,25760,540997
Steven Mitchell,HOU,WR,8,253,273,95,51.2,0.0,120.8,5.7,,37.0,0.0,0.0,5.0,5.0,100.0,100.0,7.7,7.7,26576,40118,739435
Danny Vitale ,NE,RB,6,254,387,91,51.1,4.7,127.6,0.0,0.0,0.0,0.0,0.0,,0.5,,9.0,,6.2,4468,28437,691856
Allen Lazard,GB,WR,5,255,275,96,51.0,0.0,116.7,9.9,13.5,42.7,0.3,0.0,8.0,6.7,76.0,76.3,11.9,11.3,26575,56809,837958
Jesper Horsted,CHI,WR,11,256,277,97,50.7,0.0,118.5,1.0,3.0,9.7,0.0,0.3,0.0,1.3,20.0,32.7,0.0,4.3,27381,104421,881708
Keelan Doss,OAK,WR,6,257,278,98,50.7,0.0,117.8,2.7,,17.0,0.0,0.0,,2.0,,47.0,,5.7,27270,96942,830084
Jordan Wilkins,IND,RB,7,258,388,92,50.7,4.8,126.4,11.6,5.7,50.5,1.0,0.0,,7.5,,38.5,,33.0,5166,41867,749205
Dontrelle Inman,IND,WR,7,259,279,99,50.6,0.0,117.8,3.0,2.9,16.3,0.0,0.0,3.0,2.7,29.0,32.3,18.8,17.8,3740,14645,399529
Riley Ridley,CHI,WR,11,260,280,100,50.0,0.0,118.2,3.8,8.4,21.3,0.0,0.0,4.0,2.0,41.0,31.7,12.9,5.9,27110,69325,914009
Kalen Ballage,MIA,RB,11,261,389,93,49.9,5.0,124.2,,,,,,,,,,,,5128,52371,820568
DeSean Jackson,PHI,WR,9,262,283,101,49.7,0.0,129.4,,,,,,,,,,,,244,6739,300173
Josh Reynolds,LA,WR,9,263,284,102,49.7,0.0,114.9,3.6,5.6,22.7,0.0,0.0,1.0,2.7,46.0,41.0,2.6,9.2,4646,53097,822367
Qadree Ollison,ATL,RB,10,264,390,94,49.7,4.7,125.1,4.4,5.4,4.3,0.7,0.0,4.0,2.0,11.0,4.3,40.0,80.0,26972,55366,832473
Willie Snead ,BAL,WR,8,265,285,103,49.6,0.0,121.1,2.6,5.2,12.3,0.0,0.0,6.0,2.7,74.0,60.0,12.0,5.9,3828,44449,591586
Cordarrelle Patterson,CHI,WR,11,266,286,104,49.6,0.0,116.1,2.0,1.7,13.7,0.0,0.0,2.0,3.0,3.0,19.0,100.0,48.9,3034,30733,690153
Justice Hill,BAL,RB,8,267,391,95,49.6,5.0,123.7,9.2,12.6,38.3,0.7,0.0,12.0,7.7,28.0,20.7,63.2,52.3,26945,71521,923109
Keelan Cole,JAX,WR,7,268,288,105,49.3,0.0,114.5,10.1,11.8,57.3,0.3,0.0,4.0,4.3,42.0,52.3,13.8,13.3,4620,79998,791008
Pharoh Cooper,CAR,WR,13,269,289,106,49.1,0.0,114.1,3.2,0.7,18.3,0.0,0.0,2.0,1.7,32.0,27.3,9.1,9.0,4396,40932,744595
Javorius Allen,NYG,RB,11,270,392,96,49.1,4.9,123.8,3.7,8.8,13.7,0.3,0.0,3.0,3.7,14.0,12.7,30.0,29.0,3855,29645,598989
Travis Benjamin,SF,WR,11,271,290,107,49.0,0.0,128.6,,,,,,,,,,,,2696,22035,
Phillip Dorsett,SEA,WR,6,272,291,108,48.9,0.0,119.4,2.0,6.0,16.7,0.0,0.0,4.0,1.3,21.0,14.0,30.8,10.3,3813,25813,596417
Travis Homer,SEA,RB,6,273,393,97,48.8,4.9,123.1,8.4,13.5,47.0,0.0,0.0,15.0,10.0,67.0,41.7,30.0,36.6,27090,71444,922484
Seth Roberts ,CAR,WR,13,274,292,109,48.7,0.0,123.6,6.6,15.6,29.7,0.3,0.0,1.0,2.3,31.0,45.3,4.8,7.2,3860,54741,704254
Darrell Henderson,LA,RB,9,275,394,98,48.7,4.9,122.8,0.4,0.7,3.5,0.0,0.0,,1.0,,1.5,,100.0,26962,70157,914372
Ricky Seals-Jones,KC,WR,10,276,296,110,48.0,0.0,112.6,6.4,15.9,17.3,0.7,0.3,0.0,2.0,20.0,26.3,0.0,10.5,4801,40977,744568
Kelvin Harmon,WAS,WR,8,277,297,111,48.0,0.0,112.6,7.2,7.0,41.3,0.0,0.0,5.0,5.0,90.0,86.3,8.9,9.1,27016,71039,920809
Troymaine Pope,LAC,RB,10,278,395,99,48.0,4.9,121.4,0.0,0.0,0.0,0.0,0.0,0.0,0.0,0.0,0.0,,,4425,72676,700813
Myles Gaskin,MIA,RB,11,279,396,100,48.0,5.0,121.2,11.0,3.6,65.0,0.5,0.0,,15.5,,43.0,,45.6,27107,60930,865895
Taiwan Jones,BUF,RB,11,280,397,101,47.7,5.0,120.7,3.0,5.9,24.5,0.0,0.0,10.0,5.0,22.0,11.0,71.4,71.4,2371,14319,386116
Ted Ginn Jr.,CHI,WR,11,281,300,112,47.4,0.0,115.2,1.4,2.3,7.7,0.0,0.0,2.0,1.3,26.0,30.0,11.1,6.8,124,6627,246804
Jakobi Meyers,NE,WR,6,282,301,113,47.4,0.0,111.9,1.8,5.5,8.3,0.0,0.0,0.0,1.0,11.0,13.7,0.0,7.1,27189,63634,880151
Kendrick Bourne,SF,WR,11,283,302,114,47.3,0.0,111.7,2.3,4.9,13.3,0.0,0.0,0.0,1.7,20.0,42.0,0.0,5.3,4832,80289,754412
Ryquell Armstead,JAX,RB,7,284,398,102,47.3,5.3,117.0,6.6,19.4,29.3,0.3,0.0,19.0,7.0,62.0,24.0,44.2,39.7,27057,64786,884791
Vyncint Smith,NYJ,WR,11,285,303,115,47.1,0.0,112.3,7.3,2.4,42.7,0.0,0.0,5.0,4.7,75.0,72.7,10.0,10.5,26410,84101,850603
Tevin Jones,DAL,WR,10,286,304,116,46.7,0.0,113.7,0.0,,0.0,0.0,0.0,,2.0,,53.0,,6.5,26221,33403,614302
Damiere Byrd ,NE,WR,6,287,306,117,46.5,0.0,113.2,11.7,16.3,57.0,0.3,0.3,8.0,5.0,72.0,47.3,16.3,16.3,4550,30678,604908
Tajae Sharpe,MIN,WR,7,288,307,118,46.2,0.0,110.2,10.3,21.6,36.7,0.7,0.0,2.0,3.3,44.0,49.0,7.4,10.1,4229,47523,703270
Mike Boone,MIN,RB,7,289,399,103,46.2,5.3,113.9,15.3,19.7,83.0,1.0,0.0,20.0,15.0,57.0,40.7,71.4,66.7,26364,58041,842181
Olabisi Johnson,MIN,WR,7,290,309,119,46.1,0.0,110.1,3.8,4.8,21.7,0.0,0.0,4.0,2.7,73.0,52.3,11.1,9.0,27132,61631,867071
Zay Jones ,OAK,WR,6,291,310,120,46.1,0.0,110.1,3.3,2.9,13.3,0.0,0.0,2.0,2.3,82.0,67.0,3.3,5.5,4569,41305,746491
Trey Quinn,WAS,WR,8,292,311,121,46.1,0.0,110.1,,,,,,,,,,,,5251,52902,822031
DaeSean Hamilton,DEN,WR,8,293,312,122,46.0,0.0,110.0,11.1,15.2,47.7,0.3,0.0,6.0,7.0,70.0,70.3,14.0,15.7,5110,41741,748755
Jake Kumerow,GB,WR,5,294,313,123,46.0,0.0,109.9,2.5,5.9,18.7,0.0,0.0,2.0,1.3,19.0,24.7,11.8,8.2,26231,27671,558619
Cedrick Wilson,DAL,WR,10,295,314,124,45.9,0.0,112.9,,,,,,,,,,,,5204,69581,912061
Brandon Zylstra,CAR,WR,13,296,315,125,45.9,0.0,112.4,5.6,15.6,33.0,0.0,0.0,8.0,3.0,45.0,24.0,25.0,10.3,26356,82731,916610
JJ Arcega-Whiteside,PHI,WR,9,297,316,126,45.8,0.0,109.8,2.0,5.9,13.0,0.0,0.0,0.0,1.3,23.0,59.0,0.0,2.4,27044,64907,884921
Dante Pettis,SF,WR,11,298,317,127,45.7,0.0,110.1,,,,,,,,,,,,5041,56698,837820
Javon Wims,CHI,WR,11,299,318,128,45.7,0.0,109.6,3.6,5.6,16.3,0.0,0.0,7.0,5.3,87.0,60.0,10.8,9.4,5220,71359,922039
Chris Lacy,DET,WR,5,300,319,129,45.6,0.0,112.2,3.0,5.8,20.0,0.0,0.0,7.0,3.3,85.0,66.3,13.7,7.6,26574,55750,835417
Christian Blake,ATL,WR,10,301,320,130,45.6,0.0,111.4,0.0,0.0,0.0,0.0,0.0,2.0,1.0,75.0,72.3,3.0,1.6,26450,56580,837503
Ty Montgomery,NO,WR,6,302,321,131,45.5,0.0,131.5,1.3,2.0,6.0,0.0,0.0,0.0,2.0,6.0,13.7,0.0,20.2,3780,29734,598969
Miles Boykin,BAL,WR,8,303,322,132,45.5,0.0,109.5,3.1,7.5,4.3,0.3,0.0,2.0,1.3,50.0,39.0,5.9,5.0,26951,64827,884553
Byron Pringle,KC,WR,10,304,323,133,45.5,0.0,109.4,0.0,0.0,0.0,0.0,0.0,0.0,0.0,13.0,9.3,0.0,0.0,26406,69295,913826
Andy Isabella,ARI,WR,8,305,324,134,45.4,0.0,109.6,0.5,1.4,1.0,0.0,0.0,0.0,0.7,1.0,13.3,0.0,4.4,27163,63419,878911
Marcell Ateman,OAK,WR,6,306,325,135,45.0,0.0,110.2,1.9,5.6,15.3,0.0,0.3,7.0,2.3,71.0,28.3,13.5,4.5,5224,41042,744883
Deon Cain,PIT,WR,8,307,326,136,45.0,0.0,109.0,1.0,3.0,3.3,0.0,0.0,0.0,1.0,2.0,17.0,0.0,7.4,5182,62042,867754
Marquise Goodwin,PHI,WR,9,308,329,137,44.8,0.0,118.5,,,,,,,,,,,,3002,32243,507478
Andrew Beck,DEN,TE,8,309,190,41,44.7,0.0,100.2,4.6,7.2,10.3,0.3,0.0,2.0,2.7,39.0,35.7,8.3,13.5,27262,54426,824428
Justin Watson,TB,WR,13,310,330,138,44.7,0.0,108.7,7.9,11.6,29.0,0.3,0.0,4.0,5.3,92.0,81.3,8.3,9.1,5141,83083,832220
Darwin Thompson,KC,RB,10,311,400,104,44.5,5.7,106.0,3.0,3.5,22.0,0.0,0.0,5.0,6.3,22.0,22.0,41.7,54.2,27047,,
Alec Ingold,OAK,RB,6,312,401,105,44.4,5.7,105.8,1.7,5.2,7.3,0.0,0.0,1.0,1.3,10.0,23.7,14.3,10.6,27212,63717,880322
Richie James,SF,WR,11,313,332,139,44.3,0.0,108.3,0.0,0.0,0.0,0.0,0.0,0.0,0.0,8.0,9.0,0.0,0.0,5235,53498,822644
Damion Willis,CIN,WR,9,314,333,140,44.2,0.0,109.3,,,,,,,,,,,,27209,92168,978040
Jordan Matthews,SF,WR,11,315,334,141,44.1,0.0,121.6,,,,,,,,,,,,3431,30837,555648
Jakeem Grant,MIA,WR,11,316,335,142,44.1,0.0,113.3,,,,,,,,,,,,4236,32703,605325
Damion Ratley,CLE,WR,9,317,336,143,44.0,0.0,108.0,6.6,14.4,32.3,0.3,0.0,3.0,2.7,20.0,28.3,27.3,17.0,5172,60861,865803
Mike Davis,CAR,RB,13,318,402,106,43.9,5.8,104.1,0.1,0.2,0.7,0.0,0.0,2.0,0.7,11.0,3.7,25.0,25.0,3924,30635,694015
Trey Edmunds,PIT,RB,8,319,403,107,43.8,5.8,103.3,0.0,0.0,0.0,0.0,0.0,0.0,0.0,2.0,1.3,0.0,0.0,4686,26384,691645
Reggie Bonnafon,CAR,RB,13,320,404,108,43.8,5.8,103.0,2.5,6.2,18.0,0.0,0.0,4.0,2.0,17.0,9.3,33.3,29.1,26751,55224,830860
Elijhaa Penny,NYG,RB,11,321,405,109,43.7,5.8,102.4,0.0,0.0,-0.7,0.0,0.0,0.0,0.3,1.0,4.3,0.0,6.2,4607,52931,606629
Derek Watt,PIT,RB,8,322,406,110,43.6,5.9,102.2,0.0,0.0,0.0,0.0,0.0,0.0,0.0,3.0,6.3,0.0,0.0,4191,28890,606530
Derek Carrier,OAK,WR,6,323,337,144,43.5,0.0,107.6,2.0,1.8,7.0,0.0,0.0,1.0,1.7,19.0,26.3,7.1,9.0,3542,22920,654887
Braxton Berrios,NYJ,WR,11,324,339,145,43.2,0.0,107.4,0.7,2.1,3.7,0.0,0.0,2.0,0.7,15.0,10.3,20.0,6.7,5206,52495,820866
DeAndre Carter ,HOU,WR,8,325,340,146,43.2,0.0,107.4,6.3,12.5,36.3,0.0,0.0,7.0,3.0,100.0,48.0,10.8,8.9,26114,62628,612512
Alex Armah,CAR,RB,13,326,407,111,43.2,5.9,100.7,0.0,0.0,0.0,0.0,0.0,0.0,0.0,4.0,5.3,0.0,0.0,4779,79982,1049905
Mack Hollins,MIA,WR,11,327,343,147,43.0,0.0,107.2,0.0,0.0,0.0,0.0,0.0,0.0,0.0,1.0,2.3,0.0,0.0,4641,25267,702808
Nick Bawden,DET,RB,5,328,408,112,43.0,5.9,99.7,,,,,,,,,,,,5232,53967,823811
Rashard Higgins,CLE,WR,9,329,344,148,42.8,0.0,115.6,0.0,0.0,0.0,0.0,0.0,,0.0,,0.0,,,4285,45791,741322
Kaden Smith,NYG,TE,11,330,192,42,42.4,0.0,97.5,14.7,14.7,57.0,0.7,0.3,11.0,7.3,100.0,100.0,14.9,10.3,27059,71806,924018
KhaDarel Hodge,CLE,WR,9,331,345,149,42.4,0.0,106.7,1.5,2.9,8.3,0.0,0.0,2.0,1.7,31.0,32.3,11.8,9.8,26474,85306,757521
Andre Patton,LAC,WR,10,332,346,150,42.3,0.0,106.6,1.9,3.8,8.7,0.0,0.0,3.0,2.0,88.0,79.0,4.4,3.6,26270,,
Ross Dwelley,SF,TE,11,333,193,43,42.1,0.0,97.2,1.2,3.5,8.3,0.0,0.0,0.0,0.3,10.0,6.3,0.0,16.7,26510,83138,752665
Trent Sherfield,ARI,WR,8,334,347,151,42.0,0.0,106.4,0.0,0.0,0.0,0.0,0.0,0.0,0.0,0.0,2.3,,0.0,26408,56059,835861
Mo Alie-Cox,IND,TE,7,335,194,44,41.9,0.0,97.0,1.9,3.1,12.0,0.0,0.0,1.0,0.7,57.0,45.7,3.1,2.0,26065,24533,712506
Deonte Harris,NO,WR,6,336,349,152,41.9,0.0,106.3,0.8,1.3,4.7,0.0,0.3,2.0,1.3,12.0,14.7,25.0,14.6,27183,104176,1166545
Geronimo Allison,DET,WR,5,337,351,153,41.8,0.0,107.1,2.9,1.9,12.0,0.0,0.3,4.0,3.3,61.0,52.7,7.4,8.7,4435,52560,821159
Robert Foster,BUF,WR,11,338,352,154,41.8,0.0,106.1,0.0,0.0,0.0,0.0,0.0,4.0,1.7,98.0,37.7,6.3,9.4,26377,42107,750838
Diontae Spencer,DEN,WR,8,339,354,155,41.7,0.0,106.0,0.0,0,-2.7,0.0,0.7,1.0,0.3,5.0,6.7,33.3,11.1,26782,54817,562859
Trevor Davis,CHI,WR,11,340,355,156,41.4,0.0,109.6,0.0,0,0.0,0.0,0.3,0.0,0.0,0.0,0.0,,,4323,41370,615494
Laquon Treadwell,ATL,WR,10,341,357,157,41.1,0.0,109.6,0.0,0.0,0.0,0.0,0.0,2.0,1.0,86.0,35.0,4.8,34.9,4382,41806,748554
Andre Roberts,BUF,WR,11,342,358,158,40.7,0.0,105.1,0.9,1.7,3.5,0.0,0.0,,1.0,,25.0,,5.9,2004,11504,329031
Cody Latimer,WAS,WR,8,343,359,159,40.5,0.0,105.8,7.2,12.3,25.7,0.3,0.0,3.0,4.0,19.0,33.3,21.4,17.3,3675,27771,609050
Ryan Switzer,PIT,WR,8,344,360,160,40.5,0.0,105.0,,,,,,,,,,,,4673,38634,728168
Jason Witten,OAK,TE,6,345,195,45,40.3,21.2,59.3,7.8,10.2,24.7,0.3,0.0,4.0,4.0,66.0,70.3,8.0,8.3,635,6641,184571
DeAndrew White,CAR,WR,13,346,361,161,40.3,0.0,104.8,2.4,5.1,14.3,0.0,0.0,5.0,2.7,35.0,18.3,20.0,20.7,3922,31015,557177
Stanley Morgan,CIN,WR,9,347,362,162,40.0,0.0,104.6,0.0,0.0,0.0,0.0,0.0,,0.0,,13.0,,0.0,27337,61072,866112
Robert Tonyan,GB,TE,5,348,196,46,38.8,0.0,93.7,1.5,2.9,4.7,0.0,0.0,3.0,1.7,18.0,21.0,18.8,13.7,26332,80353,660151
Scott Miller,TB,WR,13,349,363,163,38.8,0.0,103.5,13.9,,49.0,1.0,0.0,,3.0,,15.0,,27.3,27144,61273,866578
Drew Lock,DEN,QB,8,350,241,29,38.3,0.0,131.6,9.1,8.1,206.3,0.7,1.3,34.0,37.7,100.0,100.0,55.7,59.7,27139,64051,882345
David Blough,DET,QB,5,351,249,30,36.5,0.0,129.7,9.3,6.6,182.7,0.7,1.3,32.0,34.7,100.0,100.0,53.3,58.8,27177,52606,821297
Jaeden Graham,ATL,TE,10,352,200,47,36.0,0.0,90.6,0.0,0.0,0.0,0.0,0.0,0.0,0.0,10.0,9.3,0.0,0.0,26728,84440,832316
Cam Newton,NE,QB,6,353,251,31,34.0,11.3,357.0,,,,,,,,,,,,2316,14185,380750
Gardner Minshew II,JAX,QB,7,354,252,32,33.8,6.4,375.2,18.0,5.7,249.0,2.0,0.7,44.0,38.7,100.0,100.0,63.8,61.6,27052,61798,867303
Darren Fells,HOU,TE,8,355,201,48,33.1,0.0,88.4,2.3,5.7,9.7,0.0,0.0,0.0,1.7,0.0,54.0,,4.8,3563,38301,266414
Will Dissly,SEA,TE,6,356,204,49,30.0,0.0,84.0,,,,,,,,,,,,5117,56708,837806
Blake Bell,DAL,TE,10,357,206,50,29.2,0.0,83.2,3.6,5.0,19.0,0.0,0.0,2.0,2.3,39.0,40.7,9.5,9.2,3923,27403,542871
Ryan Griffin,NYJ,TE,11,358,208,51,28.6,0.0,83.5,,,,,,,,,,,,3168,34073,465129
Durham Smythe,MIA,TE,11,359,209,52,28.4,0.0,82.3,1.9,3.8,8.7,0.0,0.0,3.0,1.7,38.0,43.7,11.5,5.0,5120,42046,749968
Matt LaCosse,NE,TE,6,360,210,53,28.2,0.0,82.1,4.3,7.8,10.0,0.3,0.0,0.0,1.3,62.0,66.7,0.0,2.8,4132,27672,606055
Matthew Stafford,DET,QB,5,361,274,33,27.6,0.7,489.4,,,,,,,,,,,,566,6654,323205
Kyle Allen,WAS,QB,8,362,276,34,27.3,3.5,315.1,9.9,0.7,301.0,0.5,2.5,43.0,44.5,76.0,88.0,79.6,71.8,26564,53095,822350
Tyler Conklin,MIN,TE,7,363,212,54,25.8,0.0,79.5,0.6,1.9,3.0,0.0,0.0,1.0,0.3,71.0,43.3,2.9,1.0,5154,60451,861278
J.P. Holtz,CHI,TE,11,364,214,55,24.2,0.0,77.8,1.1,2.3,4.0,0.0,0.0,0.0,0.7,61.0,49.7,0.0,2.1,26192,25957,692334
Tyler Kroft,BUF,TE,11,365,218,56,23.7,0.0,77.3,3.3,8.4,6.3,0.3,0.0,4.0,2.0,47.0,35.7,13.3,8.2,3902,26038,592268
Nick Boyle,BAL,TE,8,366,219,57,22.8,0.0,77.0,2.3,5.4,10.0,0.0,0.0,2.0,2.0,74.0,72.3,4.0,4.1,3859,62510,608753
Hale Hentges,WAS,TE,8,367,220,58,22.1,0.0,75.5,7.0,10.8,30.0,0.3,0.0,7.0,3.0,52.0,44.0,21.9,9.7,27234,64563,884045
Trey Burton,IND,TE,7,368,224,59,20.6,0.0,74.0,,,,,,,,,,,,3559,30297,542788
Troy Fumagalli,DEN,TE,8,369,225,60,20.3,0.0,73.6,1.2,1.9,5.3,0.0,0.0,2.0,1.0,28.0,24.7,11.8,5.8,5153,40746,742474
Adam Shaheen,CHI,TE,11,370,226,61,19.3,0.0,72.5,,,,,,,,,,,,4726,79967,1049770
Johnny Mundt,LA,TE,9,371,227,62,18.5,0.0,71.6,1.6,3.5,5.7,0.0,0.0,1.0,1.3,41.0,33.3,2.9,10.1,21438,40371,740704
Josh Hill,NO,TE,6,372,230,63,17.9,0.0,71.9,4.7,7.5,13.3,0.3,0.0,5.0,2.0,80.0,70.0,9.1,3.7,3282,39492,469509
C.J. Uzomah,CIN,TE,9,373,231,64,17.4,0.0,71.5,9.7,11.9,23.3,0.7,0.0,6.0,4.0,77.0,66.3,11.3,8.0,4098,31207,593305
Stephen Carlson,CLE,TE,9,374,233,65,16.2,0.0,69.2,0.6,1.7,2.3,0.0,0.0,0.0,0.3,43.0,33.0,0.0,1.8,27367,104008,881697
Ben Roethlisberger,PIT,QB,8,375,338,35,15.8,0.0,271.6,,,,,,,,,,,,27,,246061
Marcus Mariota,OAK,QB,6,376,341,36,15.3,0.8,236.2,1.0,,24.0,0.0,0.0,1.0,1.0,3.0,3.0,50.0,50.0,3870,29358,607843
James O'Shaughnessy,JAX,TE,7,377,236,66,14.8,0.0,67.7,,,,,,,,,,,,3825,,
Will Grier,CAR,QB,13,378,348,37,13.6,0.0,98.2,2.3,4.7,125.0,0.0,2.5,11.0,29.5,24.0,62.0,64.7,66.7,26994,52342,820423
Ryan Izzo,NE,TE,6,379,240,67,13.1,0.0,65.9,,,,,,,,,,,,5245,55609,834990
Tommy Sweeney,BUF,TE,11,380,242,68,12.9,0.0,65.6,12.6,,76.0,0.0,0.0,5.0,5.0,63.0,63.0,12.5,12.5,26980,56212,836094
Drew Sample,CIN,TE,9,381,244,69,12.4,0.0,65.0,,,,,,,,,,,,27013,56711,837824
Mason Rudolph,PIT,QB,8,382,356,38,12.4,0.0,215.9,9.2,,129.0,1.0,0.0,,22.0,,49.0,,66.7,5073,53729,823220
Clive Walford,MIA,TE,11,383,250,70,11.7,0.0,64.3,4.0,2.9,24.5,0.0,0.0,,3.0,,29.0,,14.1,3861,25775,553616
Joshua Perkins ,PHI,TE,9,384,254,71,9.9,0.0,62.4,5.0,15.0,16.7,0.3,0.0,6.0,2.7,78.0,45.7,10.3,5.8,22179,29956,608012
Ross Travis,NYJ,TE,11,385,262,72,7.9,0.0,60.2,2.9,,19.0,0.0,0.0,,2.0,,9.0,,33.3,4189,,602069
David Njoku ,CLE,TE,9,386,270,73,6.3,0.0,58.5,0.0,,0.0,0.0,0.0,0.0,0.0,7.0,7.0,0.0,0.0,4601,55335,832098
Josh Oliver,JAX,TE,7,387,271,74,6.2,0.0,58.2,,,,,,,,,,,,27056,63907,881779
Seth Devalve,CAR,TE,13,388,281,75,4.6,0.0,54.9,4.4,6.1,24.0,0.0,0.0,1.0,3.0,51.0,55.0,2.9,8.4,4436,70335,623676
Case Keenum,CLE,QB,9,389,366,39,4.5,0.0,162.3,13.3,6.2,182.5,1.5,0.5,37.0,30.0,100.0,75.0,59.7,62.7,3269,22994,338280
Joe Flacco,NYJ,QB,11,390,367,40,3.9,0.0,157.3,,,,,,,,,,,,166,6714,216342
Ben Braunecker ,CHI,TE,11,391,293,76,3.3,0.0,52.1,,,,,,,,,,,,4366,70489,679453
Daniel Brown,NYJ,TE,11,392,294,77,3.2,0.0,51.9,2.5,6.2,12.0,0.0,0.0,4.0,2.3,70.0,62.3,8.5,5.9,4091,62718,561380
MyCole Pruitt,TEN,TE,7,393,295,78,3.1,0.0,51.7,4.3,9.3,9.3,0.3,0.0,2.0,1.3,52.0,47.3,6.2,4.5,3947,62505,552586
Jeff Driskel,DEN,QB,8,394,368,41,2.9,0.0,134.4,,,,,,,,,,,,5351,30253,592538
Nick O'Leary,OAK,TE,6,395,298,79,2.6,0.0,50.6,0.0,0.0,0.0,0.0,0.0,,0.0,,36.0,,0.0,4124,24817,605423
Jeff Heuerman,DEN,TE,8,396,299,80,2.3,0.0,49.3,1.1,3.3,4.3,0.0,0.0,0.0,1.0,54.0,47.0,0.0,3.4,4331,28487,593517
Luke Willson,SEA,TE,6,397,305,81,1.4,0.0,42.4,0.0,,0.0,0.0,0.0,,0.0,,39.0,,0.0,3161,32000,466869
Robert Griffin III,BAL,QB,8,398,370,42,1.3,0.0,118.0,3.7,6.2,76.0,0.0,0.5,29.0,17.0,100.0,57.0,42.6,49.1,5509,21941,450794
Ryan Finley,CIN,QB,9,399,371,43,1.1,0.0,113.1,,,,,,,,,,,,27009,46866,728819
Teddy Bridgewater,CAR,QB,13,400,372,44,0.8,0.0,124.7,0.3,0.6,4.0,0.0,0.0,4.0,3.5,16.0,12.5,36.4,43.2,3557,33259,592195
Brandon Allen,DEN,QB,8,401,373,45,0.8,0.0,110.9,,,,,,,,,,,,5350,31170,604390
Josh Rosen,MIA,QB,11,402,374,46,0.7,0.0,112.6,,,,,,,,,,,,5008,62364,868876
Nick Foles,CHI,QB,11,403,375,47,0.7,0.0,112.0,,,,,,,,,,,,2897,22027,403189
"
Matt Moore
",KC,QB,10,404,377,48,0.5,0.0,109.1,0.0,,-1.0,0.0,0.0,,1.0,,1.0,,100.0,230,6808,214201
Brian Hoyer,NE,QB,6,405,378,49,0.5,0.0,92.4,0.0,,-2.0,0.0,0.0,,3.0,,5.0,,100.0,1480,7872,264725
Chase Daniel,DET,QB,5,406,379,50,0.3,0.0,101.9,,,,,,,,,,,,2103,8803,300101
Brett Hundley,ARI,QB,8,407,380,51,0.3,0.0,97.2,3.0,4.9,45.0,0.0,0.0,2.0,8.5,7.0,26.5,40.0,43.5,4454,29915,590420
Taysom Hill,NO,QB,6,408,381,52,0.2,0.0,86.1,10.1,6.3,48.0,0.7,0.0,3.0,4.3,49.0,36.7,8.8,18.8,4890,45565,503184
Matt Schaub,ATL,QB,10,409,409,53,0.0,0.0,97.3,,,,,,,,,,,,451,6679,246140
Matt Barkley,BUF,QB,11,410,410,54,0.0,0.0,93.1,1.3,,228.0,0.0,4.0,37.0,37.0,89.0,89.0,64.9,64.9,3272,29605,494493
Sean Mannion,MIN,QB,7,411,411,55,0.0,0.0,90.6,0.0,0,61.5,0.0,1.5,22.0,12.5,100.0,52.5,44.9,72.5,4080,29445,557860
Mike Glennon,JAX,QB,7,412,412,56,0.0,0.0,86.2,,,,,,,,,,,,3218,25410,464346
A.J. McCarron,HOU,QB,8,413,413,57,0.0,0.0,69.7,16.9,,264.0,1.0,1.0,41.0,41.0,100.0,100.0,63.1,63.1,4042,31047,508649
Colt McCoy,NYG,QB,11,414,414,58,0.0,0.0,63.4,,,,,,,,,,,,2064,11500,306296
Tyrod Taylor,LAC,QB,10,415,415,59,0.0,0.0,60.8,0.0,,-2.0,0.0,0.0,,2.0,,3.0,,100.0,2554,14377,399579
Logan Thomas,WAS,QB,8,416,416,60,0.0,0.0,0,2.1,3.7,10.7,0.0,0.0,3.0,3.3,47.0,58.3,10.7,10.0,3617,26355,507528
